{
    "eval_auc": [0.6258,0.6129,0.6254,0.6530,0.6623,0.6859,0.6848,0.6871,0.6963,0.7025,0.7060,0.7132,0.7186,0.7314,0.7419,0.7408,0.7394,0.7500,0.7471,0.7536,0.7556,0.7599,0.7648,0.7589,0.7698,0.7677,0.7704,0.7701,0.7708,0.7774,0.7760,0.7703,0.7837,0.7842,0.7812,0.7836,0.7842,0.7845,0.7834,0.7762],
    "final_train_losses": 0.46183207631111145,
    "final_eval_losses": 0.4497409760951996,
    "final_eval_auc": 0.7544422726354011
  }